{
  "display": {
    "icon": {
      "item": "minecraft:water_bucket"
    },
    "title": "Shui Shi Ping",
    "description": "1",
    "frame": "task",
    "show_toast": true,
    "announce_to_chat": true,
    "hidden": true
  },
  "criteria": {
    "shui_shi_ping": {
      "trigger": "minecraft:placed_block",
      "conditions": {
        "item": {
          "items": [
            "minecraft:water"
          ]
        }
      }
    }
  },
  "rewards": {
    "experience": 100,
    "recipes": [
      "minecraft:tab",
      "suid:hoo",
      "suid:defeo",
      "minecraft:chuang",
      "minecraft:love",
      "minecraft:bb"
    ]
  },
  "parent": "minecraft:story/root"
}